"Survived","Pclass","Sex","Age","SibSp","Parch","Fare","Embarked","Price","FamilySize","Child","AgeInterval","Survived_Predicted"
"1","1","female",30,0,0,86.5,"S",28.8333333333333,1,"0","18-39",2.53159480269184
"1","1","female",33,0,0,86.5,"S",28.8333333333333,1,"0","18-39",2.45124417441185
"1","1","female",16,0,0,86.5,"S",28.8333333333333,1,"0","13-17",2.90656440133175
"1","1","female",39,1,1,79.65,"S",26.55,3,"0","18-39",1.91289737302066
"0","1","male",52,1,1,79.65,"S",26.55,3,"0","40-54",-1.00196609740076
"1","1","female",18,0,2,79.65,"S",26.55,3,"0","13-17",2.5859994419965
"0","1","male",47,0,0,52,"S",26,1,"0","40-54",-0.567953211556964
"0","1","male",35,0,0,52,"S",26,1,"0","18-39",-0.246550698437036
"1","1","male",28,0,0,26.55,"S",26.55,1,"0","18-39",-0.116273348028368
"1","1","female",60,1,0,75.25,"C",75.25,2,"0","55-100",1.93836757162167
"0","1","male",61,0,0,33.5,"S",33.5,1,"0","55-100",-0.984507792706068
"0","1","male",47,0,0,38.5,"S",38.5,1,"0","40-54",-0.598299009604209
"1","1","female",44,0,1,57.9792,"C",28.9896,2,"0","40-54",2.43872998539648
"1","1","female",16,0,1,57.9792,"C",28.9896,2,"0","13-17",3.18866918267632
"1","1","male",26,0,0,30,"C",30,1,"0","18-39",0.417063758106561
"1","1","male",35,0,0,26.55,"C",26.55,1,"0","18-39",0.168256835987875
"1","1","male",26,0,0,26.55,"S",26.55,1,"0","18-39",-0.0627062625083796
"1","1","male",45,0,0,26.55,"S",26.55,1,"0","40-54",-0.571593574948265
"0","1","male",39,0,0,0,"S",0,1,"0","18-39",-0.470572387881218
"0","1","male",2,0,0,0,"S",0,1,"1","0-12",0.520418694238559
"1","1","female",19,0,0,30,"S",30,1,"0","18-39",2.69921098863182
"0","1","male",16,0,0,0,"S",0,1,"0","13-17",0.145449095598643
"0","1","male",40,0,0,0,"S",0,1,"0","18-39",-0.497355930641212
"1","1","male",40,0,0,31,"C",31,1,"0","18-39",0.0443419963590345
"0","1","male",38,0,0,39.6,"C",39.6,1,"0","18-39",0.117240479153564
"0","1","male",28,0,0,26.55,"S",26.55,1,"0","18-39",-0.116273348028368
"0","1","male",45.5,0,0,28.5,"S",28.5,1,"0","40-54",-0.580602064388104
"0","1","male",45,0,0,26.55,"S",26.55,1,"0","40-54",-0.571593574948265
"0","1","male",30,0,0,27.75,"C",27.75,1,"0","18-39",0.304871954058711
"1","1","male",51,0,0,26.55,"S",26.55,1,"0","40-54",-0.732294831508229
"0","1","male",16,0,0,26,"S",26,1,"0","13-17",0.203892854800746
"0","1","male",28,0,0,47.1,"S",47.1,1,"0","18-39",-0.0700802998897825
"0","1","male",29,0,0,30,"S",30,1,"0","18-39",-0.135301853509621
"0","1","male",27,0,2,211.5,"C",211.5,3,"0","18-39",0.546662420212692
"1","1","female",45,0,1,55,"S",27.5,2,"0","40-54",1.93323470363049
"1","1","female",22,0,1,55,"S",27.5,2,"0","18-39",2.54925618711035
"0","1","male",65,0,1,61.9792,"C",61.9792,2,"0","55-100",-0.681410479535331
"0","1","male",19,0,0,35,"S",35,1,"0","18-39",0.143772758552262
"0","1","male",62,0,0,26.55,"S",26.55,1,"0","55-100",-1.02691380186816
"1","1","female",62,0,0,80,"S",40,1,"0","55-100",1.6599104945715
"1","1","female",38,0,0,80,"S",40,1,"0","18-39",2.30271552081136
"1","1","female",14,1,2,120,"S",30,4,"0","13-17",2.54738606507718
"1","1","male",36,1,2,120,"S",30,4,"0","18-39",-0.608529290184181
"1","1","male",11,1,2,120,"S",30,4,"0","0-12",0.0610592788156681
"1","1","female",36,1,2,120,"S",30,4,"0","18-39",1.95814812435732
"0","1","male",56,0,0,50,"S",50,1,"0","55-100",-0.813500770181687
"0","1","male",19,1,0,53.1,"S",53.1,2,"0","18-39",-0.0519891602626777
"0","1","male",29,1,0,66.6,"S",33.3,2,"0","18-39",-0.289478789815372
"1","1","female",22,1,0,66.6,"S",33.3,2,"0","18-39",2.46468342404608
"0","1","female",25,1,2,151.55,"S",37.8875,4,"0","18-39",2.32368634867211
"1","1","male",0.92,1,2,151.55,"S",37.8875,4,"1","0-12",0.401956643791267
"0","1","female",2,1,2,151.55,"S",37.8875,4,"1","0-12",2.93970783215197
"1","1","female",22,0,0,151.55,"S",37.8875,1,"0","18-39",2.89208493462167
"1","1","female",58,0,0,26.55,"S",26.55,1,"0","55-100",1.64689778371331
"0","1","male",45,0,0,35.5,"S",35.5,1,"0","40-54",-0.551475434761387
"1","1","male",52,0,0,30.5,"S",30.5,1,"0","40-54",-0.750199418543288
"0","1","male",55,0,0,30.5,"S",30.5,1,"0","40-54",-0.83055004682327
"1","1","male",28,0,0,35.5,"S",35.5,1,"0","18-39",-0.09615520784149
"1","1","female",35,1,0,52,"S",26,2,"0","18-39",2.08367894953729
"0","1","male",42,1,0,52,"S",26,2,"0","40-54",-0.670483264324166
"0","1","male",56,0,0,26.55,"S",26.55,1,"0","55-100",-0.866212545308199
"1","1","male",34,0,0,26.55,"S",26.55,1,"0","18-39",-0.276974604588331
"0","1","male",33,0,0,42.4,"S",42.4,1,"0","18-39",-0.214562847083979
"0","1","male",45,0,0,31,"S",15.5,1,"0","40-54",-0.561590700777136
"1","1","female",30,0,0,31,"C",15.5,1,"0","18-39",2.87885483850047
"0","1","male",60,0,0,26.55,"S",26.55,1,"0","55-100",-0.973346716348174
"1","1","female",35,1,0,53.1,"S",26.55,2,"0","18-39",2.08615157011892
"0","1","male",37,1,0,53.1,"S",26.55,2,"0","18-39",-0.534092929942569
"1","1","male",27,0,0,30.5,"S",30.5,1,"0","18-39",-0.0806108495434387
"1","1","female",33,1,0,53.1,"S",26.55,2,"0","18-39",2.1397186556389
"1","1","male",27,1,0,53.1,"S",26.55,2,"0","18-39",-0.266257502342629
"0","1","male",62,0,0,26.55,"S",26.55,1,"0","55-100",-1.02691380186816
"0","2","male",29,1,0,21,"S",10.5,2,"0","18-39",-1.13167409068979
"0","2","female",27,1,0,21,"S",10.5,2,"0","18-39",1.48857040937169
"1","1","male",37,1,1,52.5542,"S",26.2771,3,"0","18-39",-0.661119894869636
"1","1","female",47,1,1,52.5542,"S",26.2771,3,"0","40-54",1.63772209207192
"1","1","female",19,0,2,26.2833,"S",26.2833,3,"0","18-39",2.43925626215147
"1","1","male",42,1,0,52.5542,"S",52.5542,2,"0","40-54",-0.669237513118405
"1","1","female",48,1,0,39.6,"C",39.6,2,"0","40-54",2.17963469952795
"1","1","male",25,1,0,55.4417,"C",55.4417,2,"0","18-39",0.264588326164465
"1","1","female",24,0,0,83.1583,"C",41.57915,1,"0","18-39",3.15679944604471
"1","1","female",56,0,1,83.1583,"C",41.57915,2,"0","55-100",2.1739259821737
"1","1","female",53,2,0,51.4792,"S",51.4792,3,"0","40-54",1.36395673983667
"0","1","male",58,0,0,29.7,"C",29.7,1,"0","55-100",-0.440683961280962
"1","1","male",64,0,0,29.7,"C",29.7,1,"0","55-100",-0.601385217840926
"1","1","female",32,0,0,76.2917,"C",76.2917,1,"0","18-39",2.92709610715948
"1","1","female",19,1,0,91.0792,"C",45.5396,2,"0","18-39",3.07207428451842
"1","1","male",25,1,0,91.0792,"C",45.5396,2,"0","18-39",0.344695613416963
"0","2","male",34,0,0,13,"S",13,1,"0","18-39",-1.0471267330617
"0","3","male",56,0,0,7.75,"Q",7.75,1,"0","55-100",-2.72575510819136
"1","1","female",52,1,1,93.5,"S",46.75,3,"0","40-54",1.59584385810032
"1","1","female",30,0,0,93.5,"S",46.75,1,"0","18-39",2.54732966093856
"0","1","male",36,0,0,40.125,"C",40.125,1,"0","18-39",0.171987679042056
"1","1","male",56,0,0,35.5,"C",35.5,1,"0","55-100",-0.374079421785121
"1","1","male",32,0,0,30.5,"C",30.5,1,"0","18-39",0.257486419992792
"1","1","female",21,0,0,77.9583,"S",25.9861,1,"0","18-39",2.75344633914807
"1","1","female",51,1,0,77.9583,"S",25.9861,2,"0","40-54",1.71349228978108
"1","1","female",63,1,0,77.9583,"S",25.9861,2,"0","55-100",1.39208977666115
"0","1","male",50,1,0,55.9,"S",27.95,2,"0","40-54",-0.875985042523803
"1","1","female",39,1,0,55.9,"S",27.95,2,"0","18-39",1.98531134237763
"0","1","male",65,0,0,26.55,"S",26.55,1,"0","55-100",-1.10726443014814
"1","1","male",60,1,1,79.2,"C",79.2,3,"0","55-100",-0.745230982746089
"1","1","female",22,0,2,49.5,"C",49.5,3,"0","18-39",2.88310797198721
"1","3","female",31,0,0,7.75,"Q",7.75,1,"0","18-39",0.510510875349987
"1","3","female",1,0,0,7.75,"Q",7.75,1,"1","0-12",1.31401715814981
"1","3","female",35,0,0,7.75,"Q",7.75,1,"0","18-39",0.403376704310011
"0","3","male",22,0,0,8.05,"S",8.05,1,"0","18-39",-2.03724468264069
"1","3","male",17,0,0,56.4958,"S",8.07082857142857,1,"0","13-17",-1.79442871231944
"1","3","male",32,0,0,56.4958,"S",8.07082857142857,1,"0","18-39",-2.19618185371935
"1","3","male",28,0,0,56.4958,"S",8.07082857142857,1,"0","18-39",-2.08904768267938
"0","3","male",44,0,0,56.4958,"S",8.07082857142857,1,"0","40-54",-2.51758436683928
"0","3","male",28,0,0,56.4958,"S",8.07082857142857,1,"0","18-39",-2.08904768267938
"1","3","male",26,0,0,56.4958,"S",8.07082857142857,1,"0","18-39",-2.03548059715939
"1","3","male",32,0,0,56.4958,"S",8.07082857142857,1,"0","18-39",-2.19618185371935
"1","1","female",40,1,1,134.5,"C",67.25,3,"0","18-39",2.48142266714438
"1","1","female",41,0,0,134.5,"C",67.25,1,"0","40-54",2.81688698650275
"1","1","male",21,0,0,30,"S",30,1,"0","18-39",0.0789664885703307
"1","1","female",28,0,0,110.8833,"C",27.720825,1,"0","18-39",3.1119865528462
"1","1","female",39,1,1,110.8833,"C",27.720825,3,"0","18-39",2.4551197203679
"1","1","male",17,0,2,110.8833,"C",27.720825,3,"0","13-17",0.588327917562238
"0","1","male",49,1,1,110.8833,"C",27.720825,3,"0","40-54",-0.379393121773541
"1","1","female",58,1,0,89.1042,"C",44.5521,2,"0","55-100",2.02307663901619
"1","1","male",49,1,0,89.1042,"C",44.5521,2,"0","40-54",-0.30254889068536
"0","1","male",54,0,0,51.8625,"S",51.8625,1,"0","40-54",-0.755747088449625
"1","1","female",30,1,0,51.8625,"S",51.8625,2,"0","18-39",2.21728758576455
"1","1","female",49,0,0,25.9292,"S",25.9292,1,"0","40-54",1.88655421141046
"1","1","female",48,0,0,25.9292,"S",25.9292,1,"0","40-54",1.91333775417046
"1","1","male",31,1,0,57,"S",28.5,2,"0","18-39",-0.36462510950229
"1","1","female",17,1,0,57,"S",28.5,2,"0","13-17",2.57702190367912
"0","1","male",56,0,0,30.6958,"C",30.6958,1,"0","55-100",-0.384878479783534
"0","1","male",36,1,0,78.85,"S",39.425,2,"0","18-39",-0.449427587203569
"1","1","female",26,0,0,78.85,"S",39.425,1,"0","18-39",2.62153302150504
"1","1","female",33,1,0,90,"Q",45,2,"0","18-39",2.44546821632488
"0","1","male",44,2,0,90,"Q",45,3,"0","40-54",-0.652275935143719
"1","1","female",35,1,0,90,"S",45,2,"0","18-39",2.16909675144805
"1","1","male",38,1,0,90,"S",45,2,"0","18-39",-0.477931291373425
"1","1","male",23,0,0,35.5,"S",35.5,1,"0","18-39",0.03776250595848
"0","1","male",64,1,4,263,"S",65.75,6,"0","55-100",-1.28862800295485
"0","1","male",19,3,2,263,"S",65.75,6,"0","18-39",-0.304663920787063
"1","1","female",24,3,2,263,"S",65.75,6,"0","18-39",2.12809577995446
"1","1","female",23,3,2,263,"S",65.75,6,"0","18-39",2.15487932271446
"1","1","male",48,0,0,26.55,"S",26.55,1,"0","40-54",-0.651944203228247
"0","1","male",38,0,0,0,"S",0,1,"0","18-39",-0.443788845121224
"1","1","male",47,0,0,30.5,"S",30.5,1,"0","40-54",-0.616281704743318
"1","1","male",48,1,0,52,"S",26,2,"0","40-54",-0.83118452088413
"1","1","female",2,1,0,52,"S",26,2,"1","0-12",2.96753586061709
"1","2","female",28,1,0,26,"S",26,2,"0","18-39",1.47302605107364
"0","2","male",27,0,0,13,"S",13,1,"0","18-39",-0.85964193374174
"0","3","male",51,0,0,8.05,"S",8.05,1,"0","40-54",-2.81396742268052
"0","2","male",28,0,0,13.5,"S",13.5,1,"0","18-39",-0.88530155805554
"0","2","male",57,0,0,12.35,"Q",12.35,1,"0","55-100",-1.44180493116477
"0","2","male",27,0,0,13,"S",13,1,"0","18-39",-0.85964193374174
"1","2","female",48,1,2,65,"S",32.5,4,"0","40-54",0.773420643574516
"1","2","female",24,1,2,65,"S",32.5,4,"0","18-39",1.41622566981437
"0","3","male",18,0,0,8.3,"S",8.3,1,"0","13-17",-1.92954855237762
"1","2","female",45,0,0,13.5,"S",13.5,1,"0","40-54",1.22605562956606
"1","2","female",19,0,0,12.35,"Q",12.35,1,"0","18-39",2.1426471082565
"1","2","female",36,1,0,26,"S",26,2,"0","18-39",1.25875770899369
"1","2","female",29,1,0,26,"S",26,2,"0","18-39",1.44624250831365
"0","2","male",36,0,0,13,"S",13,1,"0","18-39",-1.10069381858169
"1","2","male",3,1,1,26,"S",8.66666666666667,3,"1","0-12",-0.549862890019207
"1","2","male",2,1,1,26,"S",8.66666666666667,3,"1","0-12",-0.523079347259213
"0","2","male",36.5,0,2,26,"S",8.66666666666667,3,"0","18-39",-1.33646390146303
"1","2","male",1,2,1,39,"S",19.5,4,"1","0-12",-0.703521691465341
"1","2","female",4,2,1,39,"S",19.5,4,"1","0-12",1.78280509479617
"1","2","female",50,0,1,26,"S",13,2,"0","40-54",0.994435781369746
"1","2","female",25,0,1,26,"S",13,2,"0","18-39",1.6640243503696
"1","2","female",28,0,0,13,"S",13,1,"0","18-39",1.68025193803976
"1","2","female",18,0,1,23,"S",11.5,2,"0","13-17",1.84476563901239
"1","2","female",34,0,1,23,"S",11.5,2,"0","18-39",1.41622895485248
"0","2","male",18,0,0,11.5,"S",11.5,1,"0","13-17",-0.621961804240378
"0","2","male",23,0,0,13,"S",13,1,"0","18-39",-0.752507762701765
"0","2","male",24,0,0,13,"S",13,1,"0","18-39",-0.779291305461759
"0","2","male",48,0,0,13,"S",13,1,"0","40-54",-1.42209633170161
"1","2","female",32,0,0,13,"S",13,1,"0","18-39",1.57311776699979
"0","2","male",25,0,0,13,"S",13,1,"0","18-39",-0.806074848221753
"1","2","female",30,0,0,12.35,"Q",12.35,1,"0","18-39",1.84802813789656
"0","2","male",18,0,0,13,"S",13,1,"0","13-17",-0.618590048901795
"1","2","female",42,0,0,13,"S",13,1,"0","40-54",1.30528233939985
"0","2","male",25,1,0,26,"S",26,2,"0","18-39",-1.01330073518787
"0","2","male",59,0,0,13.5,"S",13.5,1,"0","55-100",-1.71559138361535
"0","2","male",47,0,0,15,"S",15,1,"0","40-54",-1.39081711515684
"1","2","female",28,0,0,13,"S",13,1,"0","18-39",1.68025193803976
"0","2","female",38,0,0,13,"S",13,1,"0","18-39",1.41241651043982
"1","2","female",14,1,0,30.0708,"C",15.0354,2,"0","13-17",2.32916112747129
"0","2","male",32.5,1,0,30.0708,"C",15.0354,2,"0","18-39",-0.733011828130093
"1","2","female",25,1,1,30,"S",30,3,"0","18-39",1.43656793137198
"1","2","male",42,0,0,13,"S",13,1,"0","40-54",-1.26139507514165
"0","2","male",3,0,0,0,"S",0,1,"1","0-12",-0.246058787102937
"0","2","male",35,0,0,0,"S",0,1,"0","18-39",-1.10313215542274
"0","2","male",28,0,0,0,"S",0,1,"0","18-39",-0.915647356102786
"0","2","male",18,0,0,0,"S",0,1,"0","13-17",-0.647811928502846
"0","2","male",38,0,0,0,"S",0,1,"0","18-39",-1.18348278370273
"0","2","male",44,0,0,0,"S",0,1,"0","40-54",-1.34418404026269
"0","2","male",16,0,0,26,"S",13,1,"0","13-17",-0.535801083780756
"0","2","male",35,0,0,26,"S",13,1,"0","18-39",-1.04468839622064
"1","2","female",28,0,0,12.65,"S",12.65,1,"0","18-39",1.67946519512743
"1","1","female",29,0,0,211.3375,"S",70.4458333333333,1,"0","18-39",2.83899268350539
"1","1","female",43,0,1,211.3375,"S",70.4458333333333,2,"0","40-54",2.33822298931427
"1","1","female",15,0,1,211.3375,"S",70.4458333333333,2,"0","13-17",3.0881621865941
"1","2","female",24,2,1,27,"S",13.5,4,"0","18-39",1.22016019688763
"0","2","male",42,1,0,27,"S",13.5,2,"0","40-54",-1.46637312521538
"1","2","female",34,0,0,13,"S",13,1,"0","18-39",1.5195506814798
"0","2","male",54,1,0,26,"S",13,2,"0","40-54",-1.7900234752277
"0","2","female",44,1,0,26,"S",13,2,"0","40-54",1.04448936691374
"1","2","male",31,0,0,13,"S",13,1,"0","18-39",-0.966776104781716
"0","2","male",23,0,0,10.5,"S",10.5,1,"0","18-39",-0.758127354932736
"0","2","male",42,0,0,13,"S",13,1,"0","40-54",-1.26139507514165
"0","2","male",27,0,0,26,"S",26,1,"0","18-39",-0.830420054140689
"0","2","male",25,0,0,13,"S",13,1,"0","18-39",-0.806074848221753
"0","2","male",34,1,0,26,"S",13,2,"0","18-39",-1.25435262002782
"1","2","female",24,1,0,26,"S",13,2,"0","18-39",1.58016022211362
"1","2","male",43,0,0,13,"S",13,1,"0","40-54",-1.28817861790164
"1","2","male",34,0,0,13,"S",13,1,"0","18-39",-1.0471267330617
"1","2","female",55,0,0,16,"S",16,1,"0","40-54",0.963839794197092
"0","2","male",39,0,0,13,"S",13,1,"0","18-39",-1.18104444686167
"1","2","female",6,0,1,33,"S",11,2,"1","0-12",2.1886465210562
"1","2","female",18,0,0,33,"S",11,1,"0","13-17",1.99304410348747
"0","2","male",28,0,1,33,"S",11,2,"0","18-39",-0.967268834205164
"0","2","male",52,0,0,13.5,"S",13.5,1,"0","40-54",-1.5281065842954
"1","2","female",24,0,0,13,"S",13,1,"0","18-39",1.78738610907974
"1","2","male",0.83,0,2,29,"S",14.5,3,"1","0-12",-0.374351420536883
"1","2","female",22,1,1,29,"S",14.5,3,"0","18-39",1.51467072275957
"0","2","male",28,0,0,13,"S",13,1,"0","18-39",-0.886425476501735
"0","2","female",24,0,0,13,"S",13,1,"0","18-39",1.78738610907974
"0","2","male",50,0,0,13,"S",13,1,"0","40-54",-1.4756634172216
"1","2","female",13,0,1,19.5,"S",9.75,2,"0","0-12",1.970815923689
"1","2","female",41,0,1,19.5,"S",9.75,2,"0","40-54",1.22087672640917
"0","2","male",30,0,0,13,"S",13,1,"0","18-39",-0.939992562021722
"0","2","male",34,0,0,13,"S",6.5,1,"0","18-39",-1.0471267330617
"0","2","male",52,0,0,13,"S",6.5,1,"0","40-54",-1.52923050274159
"1","2","female",30,0,0,13,"S",13,1,"0","18-39",1.62668485251978
"1","2","male",0.67,1,1,14.5,"S",7.25,3,"1","0-12",-0.51330735965089
"1","2","female",24,0,2,14.5,"S",7.25,3,"0","18-39",1.53915767331592
"0","2","female",26,1,1,26,"S",26,3,"0","18-39",1.40079304104243
"1","2","female",18,0,2,13,"S",13,3,"0","13-17",1.6964871745373
"0","2","male",30,0,0,13,"S",13,1,"0","18-39",-0.939992562021722
"1","2","female",19,0,0,26,"S",13,1,"0","18-39",1.95052570248076
"0","2","male",39,0,0,26,"S",13,1,"0","18-39",-1.15182256726062
"1","3","male",22,0,0,7.225,"C",7.225,1,"0","18-39",-1.56708416474071
"0","3","male",40,0,0,7.225,"C",7.225,1,"0","18-39",-2.0491879344206
"0","3","male",32,0,0,7.225,"C",7.225,1,"0","18-39",-1.83491959234065
"1","3","male",0.42,0,1,8.5167,"C",8.5167,2,"1","0-12",-1.11199187661734
"1","3","female",41,0,0,7.2292,"C",7.2292,1,"0","40-54",0.490715378275849
"0","3","female",17,0,0,14.4583,"C",7.22915,1,"0","13-17",1.14977024219447
"0","3","male",16,0,0,14.4583,"C",7.22915,1,"0","13-17",-1.39012362958703
"0","3","male",45.5,0,0,7.225,"C",7.225,1,"0","40-54",-2.19649741960057
"0","3","male",21,0,0,7.2292,"C",7.2292,1,"0","18-39",-1.54029118106577
"0","3","male",27,0,0,7.225,"C",7.225,1,"0","18-39",-1.70100187854068
"1","2","female",2,1,1,26,"S",13,3,"1","0-12",2.04359806728228
"1","2","female",33,0,2,26,"S",13,3,"0","18-39",1.32395591273844
"0","3","male",32,0,0,7.2292,"C",7.2292,1,"0","18-39",-1.8349101514257
"0","3","male",17,0,0,7.225,"C",7.225,1,"0","13-17",-1.43316645094074
"0","3","male",20,0,0,4.0125,"C",4.0125,1,"0","18-39",-1.52073825523752
"1","3","female",24,0,0,7.225,"C",7.225,1,"0","18-39",0.946026164280799
"1","3","female",29,0,2,15.2458,"C",15.2458,3,"0","18-39",0.578537709524898
"1","3","male",12,1,0,11.2417,"C",5.62085,2,"0","0-12",-1.52666761726229
"1","3","female",14,1,0,11.2417,"C",5.62085,2,"0","13-17",0.986442711759223
"1","3","male",20,1,1,15.7417,"C",7.87085,3,"0","18-39",-1.85662078887769
"1","3","female",1,0,2,15.7417,"C",7.87085,3,"1","0-12",1.32959160911966
"1","3","female",15,1,0,14.4542,"C",7.2271,2,"0","13-17",0.966880345016027
"0","3","male",27,1,0,14.4542,"C",7.2271,2,"0","18-39",-1.9211995826454
"1","3","male",20,1,1,15.2458,"C",7.6229,3,"0","18-39",-1.85773549119263
"1","3","male",10,1,1,15.2458,"C",7.6229,3,"0","0-12",-1.58990006359269
"0","3","male",36,2,0,21.6792,"C",21.6792,3,"0","18-39",-2.38245861250501
"1","3","male",20,0,0,7.2292,"C",7.2292,1,"0","18-39",-1.51350763830577
"0","3","male",40.5,0,0,7.225,"C",7.225,1,"0","40-54",-2.0625797058006
"0","3","female",19,1,0,14.4542,"C",7.2271,2,"0","18-39",0.859746173976051
"0","3","female",14.5,1,0,14.4542,"C",7.2271,2,"0","13-17",0.980272116396024
"1","3","female",5,2,1,19.2583,"C",4.814575,4,"1","0-12",0.883266743712318
"1","3","female",24,0,3,19.2583,"C",4.814575,4,"0","18-39",0.595674773304376
"1","3","female",0.75,2,1,19.2583,"C",4.814575,4,"1","0-12",0.997096800442292
"1","3","female",0.75,2,1,19.2583,"C",4.814575,4,"1","0-12",0.997096800442292
"1","3","female",15,0,0,7.225,"C",7.225,1,"0","13-17",1.18707804912074
"1","3","female",25,0,2,22.3583,"C",11.17915,3,"0","18-39",0.701659620461988
"1","3","female",26,1,1,22.3583,"C",11.17915,3,"0","18-39",0.564228406686021
"0","3","male",22,0,0,7.2292,"C",7.2292,1,"0","18-39",-1.56707472382576
"0","2","male",44,1,0,26,"S",26,2,"0","40-54",-1.52218804762776
"0","3","male",0.75,0,0,7.2292,"C",7.2292,1,"1","0-12",-0.997924440175891
"0","3","male",25,0,0,7.225,"C",7.225,1,"0","18-39",-1.64743479302069
"0","3","male",26,0,0,7.225,"C",7.225,1,"0","18-39",-1.67421833578069
"1","3","male",28,0,0,7.2292,"C",7.2292,1,"0","18-39",-1.72777598038573
"0","3","female",9,1,1,15.2458,"C",7.6229,3,"0","0-12",1.0035608937088
"0","3","female",49,0,2,15.2458,"C",7.6229,3,"0","40-54",0.0428668543250186
"0","3","male",26,1,0,14.4542,"C",14.4542,2,"0","18-39",-1.8944160398854
"0","3","male",34.5,0,0,6.4375,"C",6.4375,1,"0","18-39",-1.90364862079339
"0","3","male",30,0,0,7.2292,"C",7.2292,1,"0","18-39",-1.78134306590571
"0","3","male",27,0,0,7.2292,"C",7.2292,1,"0","18-39",-1.70099243762573
"1","3","female",13,0,0,7.2292,"C",7.2292,1,"0","0-12",1.24065457555568
"0","3","female",61,1,0,14.4583,"C",14.4583,2,"0","55-100",-0.265153405812436
"0","3","male",17,1,1,7.2292,"C",7.2292,3,"0","13-17",-1.79540487214417
"0","3","female",18,0,1,14.4542,"C",7.2271,2,"0","13-17",0.997177387752017
"0","3","female",45,0,1,14.4542,"C",7.2271,2,"0","40-54",0.27402173323218
"0","3","male",23.5,0,0,7.2292,"C",7.2292,1,"0","18-39",-1.60725003796575
"0","3","male",30,0,0,7.225,"C",7.225,1,"0","18-39",-1.78135250682066
"0","3","male",15,1,1,7.2292,"C",7.2292,3,"0","13-17",-1.74183778662418
"0","3","male",28.5,0,0,7.2292,"C",7.2292,1,"0","18-39",-1.74116775176572
"0","3","male",11,0,0,18.7875,"C",9.39375,1,"0","0-12",-1.24647458031253
"1","3","male",26,0,0,18.7875,"C",9.39375,1,"0","18-39",-1.64822772171244
"0","3","male",36,0,0,7.2292,"C",7.2292,1,"0","18-39",-1.94204432246568
"1","1","male",80,0,0,30,"S",30,1,"0","55-100",-1.50126253426931
"1","2","female",32.5,0,0,13,"S",13,1,"0","18-39",1.55972599561979
"1","2","female",36,0,0,13,"S",13,1,"0","18-39",1.46598359595981
"0","2","male",21,1,0,11.5,"S",11.5,2,"0","18-39",-0.938760199087532
"0","2","male",35,0,0,10.5,"S",10.5,1,"0","18-39",-1.07952986805266
"0","2","male",39,0,0,13,"S",13,1,"0","18-39",-1.18104444686167
"1","2","female",34,1,1,32.5,"S",32.5,3,"0","18-39",1.201135638763
"0","2","male",30,0,0,13,"S",13,1,"0","18-39",-0.939992562021722
"0","2","male",54,0,0,26,"S",13,1,"0","40-54",-1.55357570866053
"0","2","male",46,0,0,26,"S",13,1,"0","40-54",-1.33930736658057
"0","2","male",19,0,0,13,"S",13,1,"0","18-39",-0.645373591661789
"0","2","male",23,0,0,13,"S",13,1,"0","18-39",-0.752507762701765
"1","2","female",36,0,0,13,"S",13,1,"0","18-39",1.46598359595981
"0","2","male",34,1,0,21,"S",21,2,"0","18-39",-1.26559180448976
"0","2","male",19,0,0,10.5,"S",10.5,1,"0","18-39",-0.65099318389276
"0","2","male",54,0,0,14,"S",14,1,"0","40-54",-1.58054975136919
"1","2","female",19,1,0,26,"S",13,2,"0","18-39",1.71407793591359
"1","2","male",32,1,0,26,"S",13,2,"0","18-39",-1.20078553450783
"1","2","female",4,1,1,23,"S",23,3,"1","0-12",1.98328747108513
"0","2","male",23,2,1,11.5,"S",11.5,4,"0","18-39",-1.35457514672589
"1","2","female",54,1,3,23,"S",23,5,"0","40-54",0.392510141983031
"1","2","female",24,2,3,18.75,"S",6.25,6,"0","18-39",0.950015351423026
"1","2","male",3,1,1,18.75,"S",6.25,3,"1","0-12",-0.566159707489024
"1","2","male",0.83,1,1,18.75,"S",6.25,3,"1","0-12",-0.508039419699837
"0","2","male",18,0,0,11.5,"S",11.5,1,"0","13-17",-0.621961804240378
"1","2","female",29,1,0,26,"S",26,2,"0","18-39",1.44624250831365
"0","2","male",60,1,1,39,"S",19.5,3,"0","55-100",-2.04730294773781
"1","2","female",40,1,1,39,"S",19.5,3,"0","18-39",1.05504532200357
"0","2","male",23,0,0,13,"S",13,1,"0","18-39",-0.752507762701765
"0","3","male",34,0,0,6.4958,"S",6.4958,1,"0","18-39",-2.36214078385877
"1","3","female",18,0,0,7.4958,"S",7.4958,1,"0","13-17",0.635321151735021
"0","3","male",18,1,0,6.4958,"S",6.4958,2,"0","13-17",-2.17005186626604
"0","3","male",37,2,0,7.925,"S",7.925,3,"0","18-39",-2.91217433678649
"0","3","male",28,2,0,7.925,"S",7.925,3,"0","18-39",-2.67112245194655
"0","3","male",32,1,0,15.85,"S",7.925,2,"0","18-39",-2.52399474904717
"1","3","female",33,3,0,15.85,"S",7.925,4,"0","18-39",-0.456996410400014
"1","3","female",17,4,2,7.925,"S",7.925,7,"0","13-17",-0.534321791281864
"0","3","male",7,4,1,39.6875,"S",6.61458333333333,6,"1","0-12",-2.63596676337773
"0","3","male",2,4,1,39.6875,"S",6.61458333333333,6,"1","0-12",-2.50204904957776
"0","3","male",14,4,1,39.6875,"S",6.61458333333333,6,"0","13-17",-2.82345156269769
"0","3","female",41,0,5,39.6875,"S",6.61458333333333,6,"0","40-54",-0.537339118612138
"0","3","male",16,4,1,39.6875,"S",6.61458333333333,6,"0","13-17",-2.87701864821767
"0","3","male",1,4,1,39.6875,"S",6.61458333333333,6,"1","0-12",-2.47526550681776
"0","3","male",39,0,0,7.925,"S",7.925,1,"0","18-39",-2.49284588917214
"1","3","female",2,0,1,12.2875,"S",12.2875,2,"1","0-12",0.948828700380982
"0","2","male",34,1,0,21,"S",10.5,2,"0","18-39",-1.26559180448976
"1","2","female",30,3,0,21,"S",10.5,4,"0","18-39",0.935324247957366
"0","2","male",26,0,0,10.5,"S",10.5,1,"0","18-39",-0.838477983212718
"1","3","male",43,0,0,7.775,"S",7.775,1,"0","40-54",-2.60031723574597
"0","3","male",21,0,0,7.775,"S",7.775,1,"0","18-39",-2.0110792950261
"0","3","male",23,0,0,7.775,"S",7.775,1,"0","18-39",-2.06464638054609
"1","2","female",40,0,0,13,"S",13,1,"0","18-39",1.35884942491984
"0","3","male",45,0,0,8.6625,"S",8.6625,1,"0","40-54",-2.65188936602396
"0","3","male",29,0,0,7.875,"S",7.875,1,"0","18-39",-2.22512285341682
"0","3","female",30,0,0,8.6625,"S",8.6625,1,"0","18-39",0.316541189917443
"0","3","male",17,0,0,8.6625,"S",8.6625,1,"0","13-17",-1.90195016874413
"0","3","male",42,0,0,8.6625,"S",8.6625,1,"0","40-54",-2.57153873774398
"0","3","male",38,0,0,8.6625,"S",8.6625,1,"0","18-39",-2.46440456670401
"0","3","male",17,0,0,8.6625,"S",8.6625,1,"0","13-17",-1.90195016874413
"0","3","male",17,0,0,8.6625,"S",8.6625,1,"0","13-17",-1.90195016874413
"0","3","male",20,0,0,8.6625,"S",8.6625,1,"0","18-39",-1.98230079702411
"0","3","female",20,0,0,8.6625,"S",8.6625,1,"0","18-39",0.584376617517383
"0","3","male",21,0,0,8.6625,"S",8.6625,1,"0","18-39",-2.00908433978411
"1","3","male",27,0,0,8.6625,"S",8.6625,1,"0","18-39",-2.16978559634407
"0","3","male",26,2,0,8.6625,"S",8.6625,3,"0","18-39",-2.61589758671842
"1","3","female",4,0,2,22.025,"S",22.025,3,"1","0-12",0.791349831049427
"0","3","male",32,0,0,7.25,"S",7.25,1,"0","18-39",-2.30687837975454
"0","3","male",19,0,0,8.05,"S",8.05,1,"0","18-39",-1.95689405436071
"0","3","male",22,0,0,8.05,"S",8.05,1,"0","18-39",-2.03724468264069
"0","3","male",1,0,0,8.4583,"Q",8.4583,1,"1","0-12",-1.25106811352081
"0","3","female",59,0,0,7.6292,"Q",7.6292,1,"0","55-100",-0.239699860626445
"1","3","female",33,0,0,7.8292,"Q",7.8292,1,"0","18-39",0.457121818511876
"1","3","female",15,0,0,8.0292,"Q",8.0292,1,"0","13-17",0.939675155570245
"1","3","female",26,0,0,7.8792,"Q",7.8792,1,"0","18-39",0.644719009676453
"1","3","female",26,0,0,7.7875,"Q",7.7875,1,"0","18-39",0.644512883033421
"0","3","female",29,0,0,8.1375,"Q",8.1375,1,"0","18-39",0.564948997665775
"1","3","female",19,0,0,7.8792,"Q",7.8792,1,"0","18-39",0.832203808996411
"1","3","female",26,0,0,7.8792,"Q",7.8792,1,"0","18-39",0.644719009676453
"0","3","male",25,0,0,7.8292,"Q",7.8292,1,"0","18-39",-1.89528725394967
"1","3","female",35,0,0,7.8792,"Q",7.8792,1,"0","18-39",0.403667124836507
"0","3","male",16,0,0,7.7333,"Q",7.7333,1,"0","13-17",-1.6544509366677
"0","3","male",31,0,0,7.75,"Q",7.75,1,"0","18-39",-2.05616653919151
"1","3","female",50,0,0,7.75,"Q",7.75,1,"0","40-54",0.00162356291010141
"1","1","male",4,0,2,81.8583,"S",81.8583,3,"1","0-12",0.399255524304381
"0","3","male",65,0,0,7.75,"Q",7.75,1,"0","55-100",-2.96680699303131
"0","3","male",44,0,0,8.7125,"C",8.7125,1,"0","40-54",-2.15297844808315
"0","3","male",26,0,0,8.05,"S",8.05,1,"0","18-39",-2.14437885368067
"1","2","female",27,0,0,10.5,"S",10.5,1,"0","18-39",1.70141588856879
"0","3","male",24.5,0,0,8.05,"S",8.05,1,"0","18-39",-2.10420353954068
"0","3","female",22,0,0,8.05,"S",8.05,1,"0","18-39",0.529432731900807
"1","3","female",21,0,0,7.65,"S",7.65,1,"0","18-39",0.555317139903845
"0","3","male",24,0,0,8.05,"S",8.05,1,"0","18-39",-2.09081176816068
"0","3","male",29,0,0,8.05,"S",8.05,1,"0","18-39",-2.22472948196065
"0","3","male",61,0,0,6.2375,"S",6.2375,1,"0","55-100",-3.08587705464791
"1","3","female",36,1,0,17.4,"S",17.4,2,"0","18-39",-0.0609673583624483
"0","3","female",31,1,0,18,"S",18,2,"0","18-39",0.0742990575729546
"0","3","female",18,2,0,18,"S",9,3,"0","13-17",0.186037346885704
"0","3","male",16,2,0,18,"S",9,3,"0","13-17",-2.32707298213581
"0","3","male",47,0,0,9,"S",9,1,"0","40-54",-2.70469780659277
"0","3","male",22,0,0,9,"S",9,1,"0","18-39",-2.03510923759292
"0","3","male",20,0,0,9.5,"S",9.5,1,"0","18-39",-1.98041823362674
"0","3","male",28,0,0,9.5,"S",9.5,1,"0","18-39",-2.19468657570669
"0","3","female",10,0,2,24.15,"S",8.05,3,"0","0-12",0.635425227885789
"0","3","male",36,1,1,24.15,"S",8.05,3,"0","18-39",-2.73827196943152
"0","3","female",30,1,1,24.15,"S",8.05,3,"0","18-39",-0.0108932983300624
"1","3","male",30,0,0,9.5,"S",9.5,1,"0","18-39",-2.24825366122668
"0","3","male",21,0,0,9.5,"S",9.5,1,"0","18-39",-2.00720177638673
"0","3","male",16,0,0,9.5,"S",9.5,1,"0","13-17",-1.87328406258676
"1","3","male",29,0,0,9.5,"S",9.5,1,"0","18-39",-2.22147011846668
"0","3","male",33,0,0,9.5,"S",9.5,1,"0","18-39",-2.32860428950666
"0","3","male",24,0,0,9.5,"S",9.5,1,"0","18-39",-2.08755240466672
"0","3","male",28,0,0,9.5,"S",9.5,1,"0","18-39",-2.19468657570669
"0","3","male",29,1,0,7.0458,"S",7.0458,2,"0","18-39",-2.46343452633516
"0","3","female",29,1,1,10.4625,"S",5.23125,3,"0","18-39",-0.014877023034637
"0","3","female",2,0,1,10.4625,"S",5.23125,2,"1","0-12",0.944726398052373
"0","3","male",74,0,0,7.775,"S",7.775,1,"0","55-100",-3.43060706130578
"0","3","male",45,0,0,6.975,"S",6.975,1,"0","40-54",-2.65568259077987
"0","3","male",33,0,0,7.775,"S",7.775,1,"0","18-39",-2.33248180814603
"0","3","male",31,0,0,7.775,"S",7.775,1,"0","18-39",-2.27891472262604
"0","3","male",51,0,0,7.75,"S",7.75,1,"0","40-54",-2.81464177374823
"0","3","male",29,0,0,7.775,"S",7.775,1,"0","18-39",-2.22534763710606
"0","3","male",26,0,0,7.775,"S",7.775,1,"0","18-39",-2.14499700882607
"0","3","male",19,0,0,7.775,"S",7.775,1,"0","18-39",-1.95751220950612
"0","3","female",25,0,0,7.775,"S",7.775,1,"0","18-39",0.448463948475418
"0","3","female",45,0,0,7.75,"S",7.75,1,"0","40-54",-0.087263102646771
"0","3","male",16,0,0,7.775,"S",7.775,1,"0","13-17",-1.87716158122613
"0","3","male",25,1,0,7.775,"S",7.775,2,"0","18-39",-2.35466123263325
"1","3","female",38,1,5,31.3875,"S",7.846875,7,"0","18-39",-0.712093303106154
"1","3","male",3,4,2,31.3875,"S",7.846875,7,"1","0-12",-2.67328973409578
"1","3","female",5,4,2,31.3875,"S",7.846875,7,"1","0-12",-0.160179405074269
"0","3","male",9,4,2,31.3875,"S",7.846875,7,"0","0-12",-2.83399099065574
"0","3","male",18,0,0,7.75,"S",7.75,1,"0","13-17",-1.93078486266843
"0","3","male",34,1,1,14.4,"S",7.2,3,"0","18-39",-2.70662129361232
"0","3","female",28,1,1,14.4,"S",7.2,3,"0","18-39",0.020757377489137
"1","3","female",22,0,0,7.75,"S",7.75,1,"0","18-39",0.52875838083309
"0","3","female",11,4,2,31.275,"S",4.46785714285714,7,"0","0-12",-0.321133543284627
"0","3","female",2,4,2,31.275,"S",4.46785714285714,7,"1","0-12",-0.0800816584446813
"0","3","male",39,1,5,31.275,"S",4.46785714285714,7,"0","18-39",-3.30580714205804
"0","3","female",39,1,5,31.275,"S",4.46785714285714,7,"0","18-39",-0.739129727516542
"0","3","female",9,4,2,31.275,"S",4.46785714285714,7,"0","0-12",-0.267566457764639
"0","3","male",4,4,2,31.275,"S",4.46785714285714,7,"1","0-12",-2.70032615850617
"0","3","female",6,4,2,31.275,"S",4.46785714285714,7,"1","0-12",-0.187215829484657
"1","3","male",25,1,0,7.775,"S",7.775,2,"0","18-39",-2.35466123263325
"1","3","female",22,0,0,7.775,"S",7.775,1,"0","18-39",0.5288145767554
"0","3","female",18,0,0,7.775,"S",7.775,1,"0","13-17",0.635948747795376
"0","3","male",40,1,4,27.9,"S",4.65,6,"0","18-39",-3.21437703877864
"0","3","female",45,1,4,27.9,"S",4.65,6,"0","40-54",-0.781617338037116
"0","3","male",4,3,2,27.9,"S",4.65,6,"1","0-12",-2.47146484145081
"0","3","male",10,3,2,27.9,"S",4.65,6,"0","0-12",-2.63216609801077
"0","3","female",2,3,2,27.9,"S",4.65,6,"1","0-12",0.14877965861068
"0","3","female",9,3,2,27.9,"S",4.65,6,"0","0-12",-0.0387051407092778
"1","3","male",27,0,0,6.975,"S",6.975,1,"0","18-39",-2.17357882109998
"0","3","male",26,0,0,7.8875,"S",7.8875,1,"0","18-39",-2.14474412717568
"0","3","male",28,0,0,7.8542,"S",7.8542,1,"0","18-39",-2.19838606566418
"0","3","male",20,0,0,7.8542,"S",7.8542,1,"0","18-39",-1.98411772358423
"0","3","male",23,0,0,7.8542,"S",7.8542,1,"0","18-39",-2.06446835186421
"1","3","female",26,0,0,7.8542,"S",7.8542,1,"0","18-39",0.421858434397301
"1","3","male",4,1,1,11.1333,"S",3.7111,3,"1","0-12",-1.91045801958887
"1","3","female",27,0,2,11.1333,"S",3.7111,3,"0","18-39",0.150845582488738
"1","3","female",1,1,1,11.1333,"S",3.7111,3,"1","0-12",0.736570023232608
"0","3","male",51,0,0,7.0542,"S",7.0542,1,"0","40-54",-2.81620581865796
"0","3","male",42,0,0,7.65,"S",7.65,1,"0","40-54",-2.57381467259753
"0","3","male",25,0,0,7.65,"S",7.65,1,"0","18-39",-2.11849444567763
"0","3","male",19,0,0,7.65,"S",7.65,1,"0","18-39",-1.95779318911766
"0","3","male",7,0,0,7.8958,"S",7.8958,1,"1","0-12",-1.63583815768959
"0","3","male",25,0,0,7.8958,"S",7.8958,1,"0","18-39",-2.11794192736948
"0","3","male",23,0,0,7.8958,"S",7.8958,1,"0","18-39",-2.06437484184949
"0","3","male",19,0,0,7.8958,"S",7.8958,1,"0","18-39",-1.95724067080951
"0","3","male",22,0,0,7.8958,"S",7.8958,1,"0","18-39",-2.0375912990895
"0","3","male",28,0,0,7.8958,"S",7.8958,1,"0","18-39",-2.19829255564946
"0","3","male",25,0,0,7.8958,"S",7.8958,1,"0","18-39",-2.11794192736948
"0","3","male",24,0,0,7.4958,"S",7.4958,1,"0","18-39",-2.09205751936644
"0","3","male",36,0,0,7.4958,"S",7.4958,1,"0","18-39",-2.41346003248637
"0","3","male",19,0,0,7.8958,"S",7.8958,1,"0","18-39",-1.95724067080951
"0","3","male",35,0,0,7.8958,"C",7.8958,1,"0","18-39",-1.91376237163322
"0","3","male",20,0,0,7.8958,"S",7.8958,1,"0","18-39",-1.98402421356951
"0","3","male",33,0,0,7.8958,"S",7.8958,1,"0","18-39",-2.33221026944943
"0","3","male",18,0,0,7.8958,"S",7.8958,1,"0","13-17",-1.93045712804952
"0","3","male",35,0,0,7.8958,"S",7.8958,1,"0","18-39",-2.38577735496942
"0","3","male",31,0,0,7.8958,"S",7.8958,1,"0","18-39",-2.27864318392944
"0","3","male",27,0,0,7.8958,"S",7.8958,1,"0","18-39",-2.17150901288947
"0","3","male",16,0,0,7.8958,"S",7.8958,1,"0","13-17",-1.87689004252953
"0","3","male",26,0,0,7.8958,"S",7.8958,1,"0","18-39",-2.14472547012947
"0","3","male",47,0,0,7.8958,"S",7.8958,1,"0","40-54",-2.70717986808935
"0","3","male",26,0,0,7.8958,"S",7.8958,1,"0","18-39",-2.14472547012947
"0","3","male",20,0,0,7.8958,"S",7.8958,1,"0","18-39",-1.98402421356951
"0","3","male",21,0,0,7.8958,"S",7.8958,1,"0","18-39",-2.0108077563295
"0","3","male",19,0,0,10.1708,"S",10.1708,1,"0","18-39",-1.95212684187933
"0","3","male",19,0,0,7.8958,"S",7.8958,1,"0","18-39",-1.95724067080951
"0","3","male",24,0,0,7.8958,"S",7.8958,1,"0","18-39",-2.09115838460948
"0","3","male",9,0,0,7.8958,"S",7.8958,1,"0","0-12",-1.68940524320958
"0","3","female",24,0,0,8.85,"S",8.85,1,"0","18-39",0.47766391589473
"0","3","male",25,1,0,17.8,"S",8.9,2,"0","18-39",-2.33212666778706
"0","3","female",18,1,0,17.8,"S",8.9,2,"0","13-17",0.422035546074398
"0","3","male",33,0,0,8.6625,"C",8.6625,1,"0","18-39",-1.85847186956784
"1","3","male",29,0,0,7.8958,"C",7.8958,1,"0","18-39",-1.75306111507325
"0","3","male",33,0,0,7.8958,"C",7.8958,1,"0","18-39",-1.86019528611323
"0","3","male",32,0,0,7.8958,"S",7.8958,1,"0","18-39",-2.30542672668944
"0","3","male",28,0,0,7.8958,"S",7.8958,1,"0","18-39",-2.19829255564946
"1","3","female",31,0,0,8.6833,"S",8.6833,1,"0","18-39",0.289804402164811
"0","3","female",28,0,0,7.8958,"S",7.8958,1,"0","18-39",0.368384858892037
"0","3","male",30,0,0,7.8958,"S",7.8958,1,"0","18-39",-2.25185964116945
"0","3","male",36,0,0,7.8958,"S",7.8958,1,"0","18-39",-2.41256089772941
"0","3","male",26,0,0,7.8958,"S",7.8958,1,"0","18-39",-2.14472547012947
"0","3","male",38,0,0,7.8958,"S",7.8958,1,"0","18-39",-2.4661279832494
"0","3","male",40,0,0,7.8958,"S",7.8958,1,"0","18-39",-2.51969506876939
"0","3","male",22,0,0,7.8958,"S",7.8958,1,"0","18-39",-2.0375912990895
"0","3","male",22,0,0,7.8958,"C",7.8958,1,"0","18-39",-1.5655763157533
"0","3","male",44,0,0,7.8958,"C",7.8958,1,"0","40-54",-2.15481425647316
"1","3","female",4,0,1,13.4167,"C",13.4167,2,"1","0-12",1.36981485561608
"0","3","male",33,0,0,7.8958,"S",7.8958,1,"0","18-39",-2.33221026944943
"0","3","male",2,3,1,21.075,"S",5.26875,5,"1","0-12",-2.30743914717017
"0","3","female",29,0,4,21.075,"S",5.26875,5,"0","18-39",-0.131974374100592
"0","3","female",3,3,1,21.075,"S",5.26875,5,"1","0-12",0.232454724611335
"0","3","female",8,3,1,21.075,"S",5.26875,5,"1","0-12",0.0985370108113648
"0","3","male",36,1,0,15.55,"S",15.55,2,"0","18-39",-2.63180327115486
"0","3","male",18,0,0,7.775,"S",7.775,1,"0","13-17",-1.93072866674612
"0","3","male",26,1,0,7.8542,"S",7.8542,2,"0","18-39",-2.38126674671137
"0","3","male",41,2,0,14.1083,"S",14.1083,3,"0","40-54",-3.00540945796976
"0","3","male",21,0,0,7.8542,"S",7.8542,1,"0","18-39",-2.01090126634423
"1","3","male",21,0,0,7.7958,"S",7.7958,1,"0","18-39",-2.01103254001874
"0","3","male",24,0,0,7.7958,"S",7.7958,1,"0","18-39",-2.09138316829872
"0","3","male",18,0,0,7.7958,"S",7.7958,1,"0","13-17",-1.93068191173876
"0","3","male",28,0,0,7.7958,"S",7.7958,1,"0","18-39",-2.1985173393387
"1","3","male",27,0,0,7.7958,"S",7.7958,1,"0","18-39",-2.17173379657871
"1","3","female",19,1,0,7.8542,"S",7.8542,2,"0","18-39",0.372895467150086
"0","3","male",48,0,0,7.8542,"S",7.8542,1,"0","40-54",-2.73405692086406
"0","3","male",17,1,0,7.0542,"S",7.0542,2,"0","13-17",-2.14201313138533
"0","3","male",20,0,0,7.8542,"S",7.8542,1,"0","18-39",-1.98411772358423
"0","3","male",22,0,0,7.7958,"S",7.7958,1,"0","18-39",-2.03781608277874
"0","3","male",22,0,0,7.5208,"S",7.5208,1,"0","18-39",-2.03843423792414
"0","3","male",18,1,1,7.8542,"S",7.8542,3,"0","13-17",-2.29279850018262
"0","3","female",14,0,0,7.8542,"S",7.8542,1,"0","13-17",0.743260947517229
"0","3","female",31,0,0,7.8542,"S",7.8542,1,"0","18-39",0.287940720597331
"1","3","male",32,0,0,7.8542,"S",7.8542,1,"0","18-39",-2.30552023670416
"0","1","male",58,0,2,113.275,"C",37.7583333333333,3,"0","55-100",-0.504421184101989
"1","1","female",31,1,0,113.275,"C",37.7583333333333,2,"0","18-39",2.80056430949457
"1","1","female",23,1,0,113.275,"C",37.7583333333333,2,"0","18-39",3.01483265157453
"0","1","male",54,0,1,77.2875,"S",38.64375,2,"0","40-54",-0.824395931011846
"0","1","male",21,0,1,77.2875,"S",38.64375,2,"0","18-39",0.0594609800679546
"1","3","female",16,0,0,7.7333,"Q",7.7333,1,"0","13-17",0.912226477873793
"1","3","female",21,0,0,7.7333,"Q",7.7333,1,"0","18-39",0.778308764073823
"0","3","male",19,0,0,14.5,"S",7.25,1,"0","18-39",-1.9423955064048
"0","3","male",2,0,0,14.5,"S",7.25,1,"1","0-12",-1.48707527948491
"0","3","male",42,0,0,7.725,"Q",7.725,1,"0","40-54",-2.35084170547375
"0","3","male",39,0,0,7.25,"S",7.25,1,"0","18-39",-2.4943631790745
"0","3","male",33,1,1,20.525,"S",6.84166666666667,3,"0","18-39",-2.66606974988645
"1","3","male",9,0,2,20.525,"S",6.84166666666667,3,"0","0-12",-1.91261705263062
"1","3","female",31,1,1,20.525,"S",6.84166666666667,3,"0","18-39",-0.0458252498249649
"0","3","male",34,0,0,8.05,"S",8.05,1,"0","18-39",-2.35864719576062
"0","3","male",44,0,0,8.05,"S",8.05,1,"0","40-54",-2.62648262336056
"0","3","male",31,0,0,14.5,"S",14.5,1,"0","18-39",-2.26379801952473
"0","3","male",30.5,0,0,8.05,"S",8.05,1,"0","18-39",-2.26490479610064
"0","3","male",59,0,0,7.25,"S",7.25,1,"0","55-100",-3.03003403427438
"0","3","male",34,0,0,8.05,"S",8.05,1,"0","18-39",-2.35864719576062
"0","3","male",44,0,0,8.05,"S",8.05,1,"0","40-54",-2.62648262336056
"0","3","male",35,0,0,8.05,"S",8.05,1,"0","18-39",-2.38543073852061
"1","3","female",5,0,0,12.475,"S",6.2375,1,"1","0-12",0.994699637069524
"1","3","female",30,0,0,12.475,"S",6.2375,1,"0","18-39",0.325111068069674
"0","3","female",21,0,0,7.75,"Q",7.75,1,"0","18-39",0.778346302949926
"0","3","female",20,0,2,7.75,"Q",7.75,3,"0","18-39",0.553529654607519
"0","3","female",32,1,1,15.5,"Q",7.75,3,"0","18-39",0.138900206387631
"0","3","male",40,1,1,15.5,"Q",7.75,3,"0","18-39",-2.64204555023382
"0","3","female",30.5,0,0,7.75,"Q",7.75,1,"0","18-39",0.523902646729984
"0","3","male",35,0,0,7.75,"Q",7.75,1,"0","18-39",-2.16330071023149
"0","3","male",19,0,0,6.75,"Q",6.75,1,"0","18-39",-1.73701186296397
"0","3","female",18,0,0,6.75,"Q",6.75,1,"0","13-17",0.85644909433752
"0","3","male",29,0,0,15.5,"Q",15.5,1,"0","18-39",-1.98517871775551
"1","3","male",33,2,0,23.25,"Q",11.625,3,"0","18-39",-2.54778768601382
"1","3","female",25,2,0,23.25,"Q",11.625,3,"0","18-39",0.233158070607628
"1","3","male",24.5,0,0,7.75,"Q",7.75,1,"0","18-39",-1.88207351125155
"0","3","male",39,1,0,7.75,"Q",7.75,2,"0","18-39",-2.50688264783864
"1","3","female",62,1,0,15.5,"Q",7.75,2,"0","55-100",-0.538805980860988
"1","3","female",25,1,0,15.5,"Q",7.75,2,"0","18-39",0.452185101258789
"1","3","female",16,0,0,7.75,"Q",7.75,1,"0","13-17",0.912264016749896
"0","3","male",40.5,0,0,7.75,"Q",7.75,1,"0","40-54",-2.31061019541145
"0","3","male",43,0,0,7.7292,"Q",7.7292,1,"0","40-54",-2.3776158073188
"0","3","male",28,0,0,6.95,"Q",6.95,1,"0","18-39",-1.97761418042544
"0","3","male",25,0,0,7.7417,"Q",7.7417,1,"0","18-39",-1.89548393967775
"0","3","male",32,0,0,7.7375,"Q",7.7375,1,"0","18-39",-2.08297817991266
"1","3","female",37,0,0,7.7375,"Q",7.7375,1,"0","18-39",0.349781520828868
"0","3","male",40.5,0,0,7.75,"Q",7.75,1,"0","40-54",-2.31061019541145
"1","1","female",31,0,2,164.8667,"S",82.43335,3,"0","18-39",2.42936662822419
"1","1","female",45,1,1,164.8667,"S",82.43335,3,"0","40-54",1.9437493585683
"1","1","female",54,1,0,78.2667,"C",39.13335,2,"0","40-54",2.10584987773491
"1","1","female",52,1,0,78.2667,"C",39.13335,2,"0","40-54",2.15941696325489
"0","1","male",61,0,0,32.3208,"S",32.3208,1,"0","55-100",-0.987158441969572
"0","1","male",47,0,0,34.0208,"S",34.0208,1,"0","40-54",-0.608367520612596
"1","1","female",35,1,0,83.475,"S",41.7375,2,"0","18-39",2.15442961572522
"0","1","male",45,1,0,83.475,"S",41.7375,2,"0","40-54",-0.680083226416218
"0","3","male",18,1,1,20.2125,"S",10.10625,3,"0","13-17",-2.26501905751541
"0","3","female",41,0,2,20.2125,"S",10.10625,3,"0","40-54",-0.203715455437804
"0","3","male",26,1,0,15.5,"Q",7.75,2,"0","18-39",-2.1412758560427
"1","3","female",19,1,0,15.5,"Q",7.75,2,"0","18-39",0.612886357818753
"0","3","male",70.5,0,0,7.75,"Q",7.75,1,"0","55-100",-3.11411647821127
"1","3","female",38,0,0,7.75,"Q",7.75,1,"0","18-39",0.323026076030029
"0","3","male",19,1,0,15.5,"Q",15.5,2,"0","18-39",-1.95379105672274
"0","3","male",38,0,0,7.75,"Q",7.75,1,"0","18-39",-2.24365133851147
"1","3","female",22,0,0,7.75,"Q",7.75,1,"0","18-39",0.751562760189932
"1","3","female",30,0,0,7.75,"Q",7.75,1,"0","18-39",0.537294418109981
"0","3","male",32,0,0,7.75,"Q",7.75,1,"0","18-39",-2.0829500819515
"0","3","male",24,0,0,7.75,"Q",7.75,1,"0","18-39",-1.86868173987155
"0","3","male",65,0,0,7.75,"Q",7.75,1,"0","55-100",-2.96680699303131
"0","3","male",31,1,0,24.15,"Q",8.05,2,"0","18-39",-2.25574978072351
"0","3","male",21,0,0,24.15,"Q",8.05,1,"0","18-39",-1.7514665865564
"1","3","female",21,1,0,24.15,"Q",8.05,2,"0","18-39",0.578763061417926
"0","3","male",44,0,1,16.1,"S",16.1,2,"0","40-54",-2.73418763192803
"0","3","male",25,0,0,7.75,"Q",7.75,1,"0","18-39",-1.89546528263155
"0","3","male",35,0,0,8.05,"S",8.05,1,"0","18-39",-2.38543073852061
"0","3","male",5,0,0,8.05,"S",8.05,1,"1","0-12",-1.58192445572079
"0","3","male",25,0,0,7.25,"S",7.25,1,"0","18-39",-2.11939358043458
"0","3","male",16,0,0,8.05,"S",8.05,1,"0","13-17",-1.87654342608073
"0","3","male",21,1,0,16.1,"S",8.05,2,"0","18-39",-2.22881381946414
"1","3","female",27,1,0,16.1,"S",8.05,2,"0","18-39",0.177162338517392
"0","3","male",24,1,0,16.1,"S",16.1,2,"0","18-39",-2.30916444774412
"0","3","female",18,0,0,7.75,"Q",7.75,1,"0","13-17",0.858696931229908
"1","3","male",29,0,0,7.75,"Q",7.75,1,"0","18-39",-2.00259945367152
"0","3","male",7,4,1,29.125,"Q",5.825,6,"1","0-12",-2.43690516119674
"0","3","male",4,4,1,29.125,"Q",5.825,6,"1","0-12",-2.35655453291676
"0","3","male",8,4,1,29.125,"Q",5.825,6,"1","0-12",-2.46368870395674
"0","3","male",2,4,1,29.125,"Q",5.825,6,"1","0-12",-2.30298744739677
"0","3","female",39,0,5,29.125,"Q",5.825,6,"0","18-39",-0.284710430911162
"0","3","male",24,0,0,7.75,"Q",7.75,1,"0","18-39",-1.86868173987155
"0","3","male",24,0,0,7.75,"Q",7.75,1,"0","18-39",-1.86868173987155
"1","3","female",29,1,0,16.1,"S",16.1,2,"0","18-39",0.123595252997404
"1","3","female",18,0,1,9.35,"S",9.35,2,"0","13-17",0.513688995349687
"0","3","male",32,0,0,8.05,"S",8.05,1,"0","18-39",-2.30508011024063
"1","3","male",6,0,1,12.475,"S",6.2375,2,"1","0-12",-1.72456141578317
"1","3","female",27,0,1,12.475,"S",6.2375,2,"0","18-39",0.279661600798456
"0","3","male",15,0,0,6.8583,"Q",6.8583,1,"0","13-17",-1.62963425118855
"0","3","female",18,3,1,25.4667,"S",6.366675,5,"0","13-17",-0.159426591508272
"0","3","female",30,3,1,25.4667,"S",6.366675,5,"0","18-39",-0.480829104628199
"0","3","male",9,3,1,25.4667,"S",6.366675,5,"0","0-12",-2.48505212120982
"0","3","female",53,3,1,25.4667,"S",6.366675,5,"0","40-54",-1.09685058810806
"1","3","female",63,0,0,9.5875,"S",9.5875,1,"0","55-100",-0.565236472036898
"0","3","female",37,0,0,9.5875,"S",9.5875,1,"0","18-39",0.131135639722945
"0","3","female",20,1,0,9.825,"S",9.825,2,"0","18-39",0.350541961337612
"0","3","female",21,1,0,9.825,"S",9.825,2,"0","18-39",0.323758418577618
"1","3","female",18,0,0,9.8417,"S",9.8417,1,"0","13-17",0.640594352300875
"0","3","male",42,0,1,8.4042,"S",8.4042,2,"0","40-54",-2.69791944956449
"0","3","male",28.5,0,0,16.1,"S",8.05,1,"0","18-39",-2.19324262359692
"0","3","male",21,0,0,16.1,"S",8.05,1,"0","18-39",-1.99236605289697
"0","1","male",47,0,0,25.5875,"S",25.5875,1,"0","40-54",-0.627324203477177
"0","3","male",24,1,0,19.9667,"S",19.9667,2,"0","18-39",-2.30047273683232
"0","3","male",2,1,0,19.9667,"S",19.9667,2,"1","0-12",-1.71123479611246
"1","3","male",19,0,0,8.1125,"S",8.1125,1,"0","18-39",-1.95675356455493
"0","3","male",20,0,0,9.225,"S",9.225,1,"0","18-39",-1.98103638877215
"0","1","male",64,0,0,26,"S",26,1,"0","55-100",-1.08171719767896
"0","1","male",33,0,0,5,"S",5,1,"0","18-39",-0.298631946859311
"0","3","male",23,0,0,9.225,"S",9.225,1,"0","18-39",-2.06138701705213
"0","3","male",16,0,0,9.2167,"S",4.60835,1,"0","13-17",-1.87392087477838
"0","3","male",20,0,0,9.8458,"S",4.9229,1,"0","18-39",-1.97964093162935
"0","3","male",33,0,0,8.6542,"S",8.6542,1,"0","18-39",-2.33050550995024
"0","3","male",29,0,0,9.4833,"S",9.4833,1,"0","18-39",-2.22150765734279
"0","3","female",40,1,0,9.475,"S",9.475,2,"0","18-39",-0.185915636774604
"0","3","female",22,0,0,10.5167,"S",10.5167,1,"0","18-39",0.534977471163262
"0","3","female",22,0,0,9.8375,"S",9.8375,1,"0","18-39",0.533450740345951
"1","3","male",45,0,0,8.05,"S",8.05,1,"0","40-54",-2.65326616612055
"0","3","male",32,0,0,8.3625,"S",8.3625,1,"0","18-39",-2.30437766121176
"0","3","male",21,0,0,8.4333,"S",8.4333,1,"0","18-39",-2.00959954399984
"1","3","female",26,0,0,7.75,"Q",7.75,1,"0","18-39",0.644428589149957
"0","3","male",21,0,0,8.05,"S",8.05,1,"0","18-39",-2.0104611398807
"0","3","male",2,0,0,8.05,"S",8.05,1,"1","0-12",-1.50157382744081
"0","3","male",55.5,0,0,8.05,"S",8.05,1,"0","55-100",-2.93449336510049
"0","3","male",30,0,0,8.05,"S",8.05,1,"0","18-39",-2.25151302472064
"0","3","male",21,0,0,8.05,"S",8.05,1,"0","18-39",-2.0104611398807
"0","3","male",39,0,0,24.15,"S",12.075,1,"0","18-39",-2.45637473559313
"0","3","male",24,2,0,24.15,"S",12.075,3,"0","18-39",-2.52751712732757
"0","3","male",16,0,0,8.05,"S",8.05,1,"0","13-17",-1.87654342608073
"0","3","male",42,0,0,7.25,"S",7.25,1,"0","40-54",-2.57471380735448
"0","3","male",21,0,0,7.8,"S",7.8,1,"0","18-39",-2.01102309910379
"0","3","male",22,1,0,7.25,"S",7.25,2,"0","18-39",-2.27549071872177
"0","3","male",22,0,0,7.25,"S",7.25,1,"0","18-39",-2.0390429521546
"0","3","male",20.5,0,0,7.25,"S",7.25,1,"0","18-39",-1.99886763801461
"0","3","male",22,0,0,7.25,"S",7.25,1,"0","18-39",-2.0390429521546
"0","3","male",28.5,0,0,8.05,"S",8.05,1,"0","18-39",-2.21133771058065
"0","3","male",26,0,0,8.05,"S",8.05,1,"0","18-39",-2.14437885368067
"0","3","male",43,0,0,8.05,"S",8.05,1,"0","40-54",-2.59969908060056
"1","3","male",18,0,0,8.05,"S",8.05,1,"0","13-17",-1.93011051160071
"0","3","male",50,0,0,8.05,"S",8.05,1,"0","40-54",-2.78718387992052
"0","3","male",47,0,0,7.25,"S",7.25,1,"0","40-54",-2.70863152115445
"1","3","male",19,0,0,8.05,"S",8.05,1,"0","18-39",-1.95689405436071
"0","3","male",21,0,0,7.7333,"Q",7.7333,1,"0","18-39",-1.78836865046767
"0","3","male",20,0,0,8.05,"S",8.05,1,"0","18-39",-1.9836775971207
"0","3","female",26,1,0,16.1,"S",8.05,2,"0","18-39",0.203945881277386
"0","3","male",30,1,0,16.1,"S",8.05,2,"0","18-39",-2.46986570430409
"0","3","female",47,1,0,14.5,"S",14.5,2,"0","40-54",-0.362105055710309
"0","3","male",40.5,0,2,14.5,"S",14.5,3,"0","40-54",-2.76984186684707
"0","3","male",21,0,0,8.05,"S",8.05,1,"0","18-39",-2.0104611398807
"0","3","male",8,0,0,8.05,"S",8.05,1,"1","0-12",-1.66227508400078
"1","3","male",24,0,0,7.1417,"S",7.1417,1,"0","18-39",-2.09285347841003
"0","3","male",28,0,0,22.525,"S",22.525,1,"0","18-39",-2.16540850018333
"0","3","male",43,0,0,6.45,"S",6.45,1,"0","40-54",-2.60329561962839
"0","3","male",30,0,0,7.25,"S",7.25,1,"0","18-39",-2.25331129423455
"1","3","female",22,0,0,7.25,"S",7.25,1,"0","18-39",0.527634462386896
"0","2","male",36,0,0,10.5,"S",10.5,1,"0","18-39",-1.10631341081266
"0","2","male",31,0,0,10.5,"S",10.5,1,"0","18-39",-0.972395697012688
"0","3","male",26,1,2,20.575,"S",10.2875,4,"0","18-39",-2.60427265427307
"1","3","male",1,1,2,20.575,"S",10.2875,4,"1","0-12",-1.93468408527322
"0","2","male",66,0,0,10.5,"S",10.5,1,"0","55-100",-1.90981969361248
"0","2","male",70,0,0,10.5,"S",10.5,1,"0","55-100",-2.01695386465245
"1","3","female",35,1,1,20.25,"S",10.125,3,"0","18-39",-0.153577576010348
"0","3","male",16,1,1,20.25,"S",10.125,3,"0","13-17",-2.21136767811196
"0","2","male",25,0,0,13,"S",13,1,"0","18-39",-0.806074848221753
"1","2","female",29,0,0,10.5,"S",10.5,1,"0","18-39",1.6478488030488
"0","2","male",24,0,0,10.5,"S",10.5,1,"0","18-39",-0.78491089769273
"1","2","female",21,0,0,10.5,"S",10.5,1,"0","18-39",1.86211714512875
"1","2","female",8,0,2,26.25,"S",8.75,3,"1","0-12",1.99410644096139
"0","2","male",31,1,1,26.25,"S",8.75,3,"0","18-39",-1.29924012807594
"1","2","female",31,1,1,26.25,"S",8.75,3,"0","18-39",1.26743728646556
"0","2","male",32,0,0,10.5,"S",10.5,1,"0","18-39",-0.999179239772682
"1","2","male",8,1,1,36.75,"S",18.375,3,"1","0-12",-0.659616357226
"0","2","male",19,1,1,36.75,"S",18.375,3,"0","18-39",-0.954235327585933
"1","2","female",40,0,0,15.75,"S",15.75,1,"0","18-39",1.3650309763739
"1","2","female",34,0,0,10.5,"S",10.5,1,"0","18-39",1.51393108924883
"0","2","male",36,1,2,27.75,"S",9.25,4,"0","18-39",-1.55558618208853
"1","2","female",33,1,2,27.75,"S",9.25,4,"0","18-39",1.09144186073295
"1","2","female",5,1,2,27.75,"S",9.25,4,"1","0-12",1.84138105801278
"1","3","male",3,1,1,15.9,"S",7.95,3,"1","0-12",-1.87295971271393
"1","3","male",9,1,1,15.9,"S",7.95,3,"0","0-12",-2.03366096927389
"0","3","male",42,0,0,7.55,"S",7.55,1,"0","40-54",-2.57403945628676
"0","3","male",11,0,0,15.1,"S",15.1,1,"0","0-12",-1.72677846218942
"0","2","male",28,0,0,10.5,"S",10.5,1,"0","18-39",-0.892045068732706
"0","3","male",11,5,2,46.9,"S",7.81666666666667,8,"0","0-12",-3.08913627294973
"0","3","male",9,5,2,46.9,"S",7.81666666666667,8,"0","0-12",-3.03556918742974
"0","3","male",14,5,2,46.9,"S",7.81666666666667,8,"0","13-17",-3.16948690122971
"0","3","male",1,5,2,46.9,"S",7.81666666666667,8,"1","0-12",-2.82130084534979
"0","3","female",43,1,6,46.9,"S",7.81666666666667,8,"0","40-54",-0.936941542664147
"0","3","female",16,5,2,46.9,"S",7.81666666666667,8,"0","13-17",-0.656376572208198
"1","3","female",23,0,0,7.55,"S",7.55,1,"0","18-39",0.501525270694618
"0","3","male",20,8,2,69.55,"S",9.93571428571429,11,"0","18-39",-3.98861795187859
"0","3","female",48,8,2,69.55,"S",9.93571428571429,11,"0","40-54",-2.17187973461692
"0","3","male",19,8,2,69.55,"S",9.93571428571429,11,"0","18-39",-3.96183440911859
"0","3","female",22,8,2,69.55,"S",9.93571428571429,11,"0","18-39",-1.47550762285708
"0","3","male",20,8,2,69.55,"S",9.93571428571429,11,"0","18-39",-3.98861795187859
"0","3","male",25,8,2,69.55,"S",9.93571428571429,11,"0","18-39",-4.12253566567856
"0","3","female",26,8,2,69.55,"S",9.93571428571429,11,"0","18-39",-1.58264179389705
"0","1","male",31,1,0,52,"S",52,2,"0","18-39",-0.375864293964233
"1","2","female",35,0,0,21,"S",21,1,"0","18-39",1.51074983385891
"1","2","female",7,0,2,26.25,"S",8.75,3,"1","0-12",2.02088998372138
"0","2","male",43,1,1,26.25,"S",8.75,3,"0","40-54",-1.62064264119587
"1","2","female",45,1,1,26.25,"S",8.75,3,"0","40-54",0.892467687825641
"1","2","female",50,0,0,10.5,"S",10.5,1,"0","40-54",1.08539440508892
"0","3","male",17,0,0,7.3125,"S",7.3125,1,"0","13-17",-1.90498474854886
"0","3","male",49,0,0,0,"S",0,1,"0","40-54",-2.77849542414426
"0","3","male",19,0,0,0,"S",0,1,"0","18-39",-1.97498914134444
"1","3","male",25,0,0,0,"S",0,1,"0","18-39",-2.1356903979044
"0","3","male",36,0,0,0,"S",0,1,"0","18-39",-2.43030936826433
"0","2","male",30,1,0,24,"C",12,2,"0","18-39",-0.67969913943642
"1","2","female",28,1,0,24,"C",12,2,"0","18-39",1.94054536062507
"0","1","male",40,0,0,25.925,"S",25.925,1,"0","18-39",-0.439080759206038
"1","1","male",36,0,0,26.2875,"S",26.2875,1,"0","18-39",-0.331131747292571
"1","1","male",36,0,0,26.3875,"S",26.3875,1,"0","18-39",-0.330906963603332
"1","1","male",35,0,0,26.2875,"S",26.2875,1,"0","18-39",-0.304348204532577
"1","1","male",42,0,0,26.2875,"S",26.2875,1,"0","40-54",-0.491833003852535
"1","1","female",24,0,0,69.3,"C",34.65,1,"0","18-39",3.12564824803892
"1","1","female",24,0,0,69.3,"C",34.65,1,"0","18-39",3.12564824803892
"1","1","female",24,0,0,49.5042,"C",49.5042,1,"0","18-39",3.08115051848457
"0","1","male",49,0,0,221.7792,"S",221.7792,1,"0","40-54",-0.239884347756734
"1","1","male",49,1,0,56.9292,"C",28.4646,2,"0","40-54",-0.374873042697962
"1","1","female",30,0,0,56.9292,"C",28.4646,1,"0","18-39",2.93713945085059
"1","1","female",50,0,1,247.5208,"C",123.7604,2,"0","40-54",2.70408732995888
"0","1","male",24,0,1,247.5208,"C",123.7604,2,"0","18-39",0.833782027177225
"1","1","female",58,0,0,146.5208,"C",73.2604,1,"0","55-100",2.38858755729888
"1","1","female",24,1,0,146.5208,"C",73.2604,2,"0","18-39",3.0627802445715
"1","1","male",27,0,0,76.7292,"C",25.5764,1,"0","18-39",0.495319835058371
"1","1","female",49,1,0,76.7292,"C",25.5764,2,"0","40-54",2.23631154231283
"1","1","male",48,1,0,76.7292,"C",25.5764,2,"0","40-54",-0.303582329468674
"1","1","female",58,0,1,153.4625,"S",51.1541666666667,2,"0","55-100",1.80637628776737
"1","1","female",40,0,0,153.4625,"S",51.1541666666667,1,"0","18-39",2.41428015299847
"0","1","male",38,0,1,153.4625,"S",51.1541666666667,2,"0","18-39",-0.224630271574243
"1","1","female",22,0,0,79.2,"C",79.2,1,"0","18-39",3.20146891879355
"0","1","male",31,0,0,50.4958,"S",50.4958,1,"0","18-39",-0.142797723650591
"1","1","female",16,0,1,39.4,"S",39.4,2,"0","13-17",2.67489118814905
"0","1","male",46,0,0,79.2,"C",39.6,1,"0","40-54",-0.00801352198780025
"0","1","male",24,0,0,79.2,"C",39.6,1,"0","18-39",0.581224418732067
"0","1","female",50,0,0,28.7125,"C",28.7125,1,"0","40-54",2.33804205640925
"0","1","male",37,0,1,29.7,"C",29.7,2,"0","18-39",-0.00402965887228957
"0","1","male",51,0,1,61.3792,"C",61.3792,2,"0","40-54",-0.307789583030849
"1","1","female",38,1,0,71.2833,"C",71.2833,2,"0","18-39",2.5186890177405
"0","1","male",50,0,0,30.6958,"C",30.6958,1,"0","40-54",-0.22417722322357
"0","1","male",40,0,0,27.7208,"C",27.7208,1,"0","18-39",0.0369708896215139
"1","1","female",54,1,0,59.4,"C",59.4,2,"0","40-54",2.06344061343728
"0","1","male",28,1,0,82.1708,"C",41.0854,2,"0","18-39",0.244320354964827
"1","1","female",35,1,0,82.1708,"C",41.0854,2,"0","18-39",2.62351297018637
"0","1","male",32,0,0,27.7208,"C",27.7208,1,"0","18-39",0.251239231701466
"1","1","female",21,2,2,262.375,"C",131.1875,5,"0","18-39",2.91550426008008
"1","1","female",18,2,2,262.375,"C",131.1875,5,"0","13-17",2.99585488836006
"0","1","male",71,0,0,49.5042,"C",49.5042,1,"0","55-100",-0.744353405776642
"1","1","female",44,0,0,27.7208,"C",27.7208,1,"0","40-54",2.49651413312304
"1","1","male",50,2,0,133.65,"S",66.825,3,"0","40-54",-0.937663490707764
"1","1","female",32,1,0,133.65,"S",66.825,2,"0","18-39",2.3475654600808
"0","1","male",6,0,0,27.7208,"C",27.7208,1,"1","0-12",0.947611343461308
"0","1","male",71,0,0,34.6542,"C",34.6542,1,"0","55-100",-0.777733783628612
"1","1","female",35,0,0,512.3292,"C",170.7764,1,"0","18-39",3.82688665784438
"1","1","male",35,0,0,512.3292,"C",170.7764,1,"0","18-39",1.26020924330288
"1","1","male",36,0,1,512.3292,"C",170.7764,2,"0","18-39",1.10762560499169
"1","1","female",39,1,1,83.1583,"C",83.1583,3,"0","18-39",2.39279844252642
"1","1","female",18,1,0,227.525,"C",56.88125,2,"0","13-17",3.40556573032989
"1","1","female",38,0,0,227.525,"C",56.88125,1,"0","18-39",3.10634264169718
"1","1","female",42,0,0,227.525,"C",56.88125,1,"0","40-54",2.99920847065721
"0","1","male",36,0,0,227.525,"C",56.88125,1,"0","18-39",0.593232312675674
"0","1","male",18,1,0,108.9,"C",54.45,2,"0","13-17",0.572238664428799
"1","1","female",17,1,0,108.9,"C",54.45,2,"0","13-17",3.16569962173029
"1","1","male",23,0,1,63.3583,"C",63.3583,2,"0","18-39",0.446598308242708
"1","1","female",36,0,0,135.6333,"C",45.2111,1,"0","18-39",2.95335217385287
"1","1","female",35,0,0,135.6333,"S",45.2111,1,"0","18-39",2.50812073327666
"0","1","male",22,0,0,135.6333,"C",45.2111,1,"0","18-39",0.761644357951287
"1","1","female",30,0,0,106.425,"C",53.2125,1,"0","18-39",3.04839793610888
"0","1","male",50,1,0,106.425,"C",53.2125,2,"0","40-54",-0.29039810019967
"0","3","male",22,0,0,9.35,"S",9.35,1,"0","18-39",-2.03432249468059
"1","3","female",4,1,1,16.7,"S",8.35,3,"1","0-12",0.668732428581486
"1","3","female",24,0,2,16.7,"S",8.35,3,"0","18-39",0.243709244397579
"0","3","male",48,0,0,8.05,"S",8.05,1,"0","40-54",-2.73361679440053
"1","2","male",1,0,2,37.0042,"C",18.5021,3,"1","0-12",0.111102496584175
"0","2","male",31,1,1,37.0042,"C",18.5021,3,"0","18-39",-0.803051457231615
"0","2","male",16,0,0,10.5,"S",5.25,1,"0","13-17",-0.570642555612778
"0","2","female",57,0,0,10.5,"S",5.25,1,"0","55-100",0.897909605768967
"0","3","male",45.5,0,0,7.55,"S",7.55,1,"0","40-54",-2.66778185594674
"0","2","male",32,2,0,73.5,"S",14.7,3,"0","18-39",-1.33046104868655
"0","2","male",21,2,0,73.5,"S",14.7,3,"0","18-39",-1.03584207832661
"0","2","male",21,0,0,73.5,"S",14.7,1,"0","18-39",-0.562946545192268
"0","2","male",24,2,0,73.5,"S",14.7,3,"0","18-39",-1.1161927066066
"0","2","male",18,0,0,73.5,"S",14.7,1,"0","13-17",-0.482595916912286
"0","2","male",51,0,0,12.525,"S",12.525,1,"0","40-54",-1.50351468250548
"0","3","male",19,0,0,8.1583,"S",8.1583,1,"0","18-39",-1.95665061362526
"1","2","male",62,0,0,10.5,"S",10.5,1,"0","55-100",-1.8026855225725
"1","2","female",17,0,0,12,"C",12,1,"0","13-17",2.44463805484351
"0","2","male",37,1,0,26,"S",26,2,"0","18-39",-1.3347032483078
"1","2","female",42,1,0,26,"S",26,2,"0","40-54",1.09805645243373
"1","2","female",23,0,0,13.7917,"C",13.7917,1,"0","18-39",2.28796424764364
"1","2","female",22,1,2,41.5792,"C",13.8597333333333,4,"0","18-39",1.8891616003813
"0","2","male",25,1,2,41.5792,"C",13.8597333333333,4,"0","18-39",-0.757866442440175
"1","2","female",3,1,2,41.5792,"C",13.8597333333333,4,"1","0-12",2.39804891282119
"0","2","male",46,0,0,15.05,"C",15.05,1,"0","40-54",-0.891906197216029
"0","2","male",23,0,0,15.0458,"C",15.0458,1,"0","18-39",-0.275894154651116
"1","2","male",16,0,0,13.8625,"C",13.8625,1,"0","13-17",-0.0910692207259214
"1","2","female",27,1,0,13.8583,"C",13.8583,2,"0","18-39",1.94453201597352
"0","2","male",36,0,0,12.875,"C",12.875,1,"0","18-39",-0.628959814857034
"0","2","male",29,1,0,27.7208,"C",27.7208,2,"0","18-39",-0.644551845167227
"0","2","male",33,0,0,12.275,"S",12.275,1,"0","18-39",-1.02197287204869
"1","2","female",17,0,0,10.5,"S",10.5,1,"0","13-17",1.96925131616873
"0","3","male",21,0,0,7.05,"S",7.05,1,"0","18-39",-2.01270897677309
"0","3","male",38,0,0,7.05,"S",7.05,1,"0","18-39",-2.46802920369298
"0","3","male",20,0,0,7.05,"S",7.05,1,"0","18-39",-1.98592543401309
"0","3","male",35,0,0,7.05,"S",7.05,1,"0","18-39",-2.387678575413
"0","3","male",24,0,0,7.05,"S",7.05,1,"0","18-39",-2.09305960505307
"0","3","male",25,0,0,7.05,"S",7.05,1,"0","18-39",-2.11984314781306
"1","3","male",32,0,0,8.05,"S",8.05,1,"0","18-39",-2.30508011024063
"0","3","female",22,0,0,8.05,"S",8.05,1,"0","18-39",0.529432731900807
"0","3","male",41,0,0,7.125,"S",7.125,1,"0","40-54",-2.54821124420604
"0","3","male",20,0,0,7.925,"S",7.925,1,"0","18-39",-1.98395857673225
"0","3","male",36,0,0,8.05,"S",8.05,1,"0","18-39",-2.41221428128061
"0","3","male",21,0,0,7.25,"S",7.25,1,"0","18-39",-2.01225940939461
"0","3","male",25,0,0,7.05,"S",7.05,1,"0","18-39",-2.11984314781306
"0","3","male",42,0,0,8.05,"S",8.05,1,"0","40-54",-2.57291553784057
"0","3","male",32,0,0,8.05,"S",8.05,1,"0","18-39",-2.30508011024063
"1","3","male",16,0,0,8.05,"S",8.05,1,"0","13-17",-1.87654342608073
"0","3","male",30,0,0,8.05,"S",8.05,1,"0","18-39",-2.25151302472064
"1","3","male",44,0,0,7.925,"S",7.925,1,"0","40-54",-2.62676360297211
"0","3","male",35,0,0,7.125,"S",7.125,1,"0","18-39",-2.38750998764607
"0","3","male",17,0,0,7.125,"S",7.125,1,"0","13-17",-1.90540621796618
"0","3","male",22,0,0,7.125,"S",7.125,1,"0","18-39",-2.03932393176615
"0","3","male",21,0,0,7.925,"S",7.925,1,"0","18-39",-2.01074211949225
"1","3","male",20,1,0,7.925,"S",7.925,2,"0","18-39",-2.22040634329942
"1","3","male",32,0,0,7.925,"S",7.925,1,"0","18-39",-2.30536108985218
"1","3","male",31,0,0,7.925,"S",7.925,1,"0","18-39",-2.27857754709219
"1","3","male",39,0,0,7.925,"S",7.925,1,"0","18-39",-2.49284588917214
"0","3","male",32,0,0,7.925,"S",7.925,1,"0","18-39",-2.30536108985218
"0","3","male",32,0,0,7.925,"S",7.925,1,"0","18-39",-2.30536108985218
"0","3","male",21,0,0,7.925,"S",7.925,1,"0","18-39",-2.01074211949225
"0","3","female",25,1,0,7.925,"S",7.925,2,"0","18-39",0.212353357442104
"0","3","male",28,1,0,15.85,"S",7.925,2,"0","18-39",-2.4168605780072
"1","3","female",24,1,0,15.85,"S",7.925,2,"0","18-39",0.256951007574277
"1","3","female",26,0,0,7.925,"S",7.925,1,"0","18-39",0.422017581249282
"1","3","female",27,0,0,7.925,"S",7.925,1,"0","18-39",0.395234038489288
"0","3","female",23,0,0,7.925,"S",7.925,1,"0","18-39",0.502368209529264
"1","2","male",19,0,0,10.5,"S",10.5,1,"0","18-39",-0.65099318389276
"1","2","female",50,0,0,10.5,"S",10.5,1,"0","40-54",1.08539440508892
"0","2","male",29,0,0,10.5,"S",10.5,1,"0","18-39",-0.9188286114927
"0","3","female",18,1,2,23.45,"S",11.725,4,"0","13-17",0.183135633413993
"0","3","male",14,1,2,23.45,"S",11.725,4,"0","13-17",-2.27640761008753
"0","3","female",9,2,2,34.375,"S",8.59375,5,"0","0-12",0.212297369736111
"0","3","female",21,2,2,34.375,"S",8.59375,5,"0","18-39",-0.109105143383817
"0","3","female",48,1,3,34.375,"S",8.59375,5,"0","40-54",-0.721613126887682
"0","3","male",16,1,3,34.375,"S",8.59375,5,"0","13-17",-2.43121717310937
"0","3","female",40,0,0,7.55,"S",7.55,1,"0","18-39",0.0462050437747211
"0","1","male",46,1,0,61.175,"S",61.175,2,"0","40-54",-0.756993531876477
"0","2","male",30,0,0,10.5,"S",10.5,1,"0","18-39",-0.945612154252694
"1","1","female",36,0,2,71,"S",35.5,3,"0","18-39",2.08445188319745
"0","1","male",70,1,1,71,"S",35.5,3,"0","55-100",-1.50351365619982
